cpc.3digit;hs.6digit
2;10121
2;10129
2;10130
2;10190
2;10221
2;10229
2;10231
2;10239
2;10290
2;10310
2;10391
2;10392
2;10410
2;10420
2;10511
2;10512
2;10513
2;10514
2;10515
2;10594
2;10599
2;10611
2;10612
2;10613
2;10614
2;10619
2;10620
2;10631
2;10632
2;10633
2;10639
2;10641
2;10649
2;10690
21;20110
21;20120
21;20130
21;20210
21;20220
21;20230
21;20311
21;20312
21;20319
21;20321
21;20322
21;20329
21;20410
21;20421
21;20422
21;20423
21;20430
21;20441
21;20442
21;20443
21;20450
21;20500
21;20610
21;20621
21;20622
21;20629
21;20630
21;20641
21;20649
21;20680
21;20690
21;20711
21;20712
21;20713
21;20714
21;20724
21;20725
21;20726
21;20727
21;20741
21;20742
21;20743
21;20744
21;20745
21;20751
21;20752
21;20753
21;20754
21;20755
21;20760
21;20810
21;20830
21;20840
21;20850
21;20860
21;20890
21;20910
21;20990
21;21011
21;21012
21;21019
21;21020
21;21091
21;21092
21;21093
21;21099
4;30111
4;30119
4;30191
4;30192
4;30193
4;30194
4;30195
4;30199
4;30211
4;30213
4;30214
4;30219
4;30221
4;30222
4;30223
4;30224
4;30229
4;30231
4;30232
4;30233
4;30234
4;30235
4;30236
4;30239
4;30241
4;30242
4;30243
4;30244
4;30245
4;30246
4;30247
4;30251
4;30252
4;30253
4;30254
4;30255
4;30256
4;30259
4;30271
4;30272
4;30273
4;30274
4;30279
4;30281
4;30282
4;30283
4;30284
4;30285
4;30289
21;30290
21;30311
21;30312
21;30313
21;30314
21;30319
21;30323
21;30324
21;30325
21;30326
21;30329
21;30331
21;30332
21;30333
21;30334
21;30339
21;30341
21;30342
21;30343
21;30344
21;30345
21;30346
21;30349
21;30351
21;30353
21;30354
21;30355
21;30356
21;30357
21;30363
21;30364
21;30365
21;30366
21;30367
21;30368
21;30369
21;30381
21;30382
21;30383
21;30384
21;30389
21;30390
21;30431
21;30432
21;30433
21;30439
21;30441
21;30442
21;30443
21;30444
21;30445
21;30446
21;30449
21;30451
21;30452
21;30453
21;30454
21;30455
21;30459
21;30461
21;30462
21;30463
21;30469
21;30471
21;30472
21;30473
21;30474
21;30475
21;30479
21;30481
21;30482
21;30483
21;30484
21;30485
21;30486
21;30487
21;30489
21;30491
21;30492
21;30493
21;30494
21;30495
21;30499
21;30510
21;30520
21;30531
21;30532
21;30539
21;30541
21;30542
21;30543
21;30544
21;30549
21;30551
21;30559
21;30561
21;30562
21;30563
21;30564
21;30569
21;30571
21;30572
21;30579
21;30611
21;30612
21;30614
21;30615
21;30616
21;30617
21;30619
4;30621
4;30622
4;30624
4;30625
4;30626
4;30627
4;30629
4;30711
21;30719
4;30721
21;30729
4;30731
21;30739
4;30741
21;30749
4;30751
21;30759
2;30760
4;30771
21;30779
4;30781
21;30789
4;30791
21;30799
4;30811
21;30819
4;30821
21;30829
4;30830
4;30890
22;40110
22;40120
22;40140
22;40150
22;40210
22;40221
22;40229
22;40291
22;40299
22;40310
22;40390
22;40410
22;40490
22;40510
22;40520
22;40590
22;40610
22;40620
22;40630
22;40640
22;40690
2;40711
2;40719
2;40721
2;40729
22;40790
23;40811
23;40819
23;40891
23;40899
2;40900
2;41000
38;50100
39;50210
39;50290
21;50400
39;50510
39;50590
39;50610
39;50690
39;50710
39;50790
4;50800
39;51000
2;51110
21;51191
4;51199
1;60110
1;60120
1;60210
1;60220
1;60230
1;60240
1;60290
1;60311
1;60312
1;60313
1;60314
1;60315
1;60319
1;60390
3;60420
3;60490
1;70110
1;70190
1;70200
1;70310
1;70320
1;70390
1;70410
1;70420
1;70490
1;70511
1;70519
1;70521
1;70529
1;70610
1;70690
1;70700
1;70810
1;70820
1;70890
1;70920
1;70930
1;70940
1;70951
1;70959
1;70960
1;70970
1;70991
1;70992
1;70993
1;70999
21;71010
21;71021
21;71022
21;71029
21;71030
21;71040
21;71080
21;71090
21;71120
21;71140
21;71151
21;71159
21;71190
21;71220
21;71231
21;71232
21;71233
21;71239
21;71290
1;71310
1;71320
1;71331
1;71332
1;71333
1;71334
1;71335
1;71339
1;71340
1;71350
1;71360
1;71390
1;71410
1;71420
1;71430
1;71440
1;71450
1;71490
21;80111
1;80112
21;80119
1;80121
21;80122
1;80131
21;80132
1;80211
21;80212
1;80221
21;80222
1;80231
21;80232
1;80241
21;80242
1;80251
21;80252
1;80261
21;80262
21;80270
21;80280
3;80290
21;80310
21;80390
21;80410
21;80420
21;80430
21;80440
21;80450
21;80510
21;80520
21;80540
21;80550
21;80590
1;80610
21;80620
1;80711
1;80719
1;80720
1;80810
1;80830
1;80840
1;80910
1;80921
1;80929
1;80930
1;80940
1;81010
1;81020
1;81030
1;81040
1;81050
1;81060
1;81070
1;81090
21;81110
21;81120
21;81190
21;81210
21;81290
21;81310
21;81320
21;81330
21;81340
21;81350
21;81400
1;90111
23;90112
23;90121
23;90122
23;90190
23;90210
1;90220
23;90230
1;90240
1;90300
1;90411
23;90412
1;90421
23;90422
1;90510
23;90520
1;90611
1;90619
23;90620
1;90710
23;90720
1;90811
23;90812
1;90821
23;90822
1;90831
23;90832
1;90921
23;90922
1;90931
23;90932
1;90961
23;90962
1;91011
23;91012
23;91020
23;91030
23;91091
23;91099
1;100111
1;100119
1;100191
1;100199
1;100210
1;100290
1;100310
1;100390
1;100410
1;100490
1;100510
1;100590
1;100610
23;100620
23;100630
23;100640
1;100710
1;100790
1;100810
1;100821
1;100829
1;100830
1;100840
1;100850
1;100860
1;100890
23;110100
23;110220
23;110290
23;110311
23;110313
23;110319
23;110320
23;110412
23;110419
23;110422
23;110423
23;110429
23;110430
21;110510
21;110520
23;110610
23;110620
23;110630
24;110710
24;110720
23;110811
23;110812
23;110813
23;110814
23;110819
23;110820
23;110900
1;120110
1;120190
1;120230
1;120241
21;120242
1;120300
1;120400
1;120510
1;120590
1;120600
1;120710
1;120721
1;120729
1;120730
1;120740
1;120750
1;120760
1;120770
1;120791
1;120799
21;120810
21;120890
1;120910
1;120921
1;120922
1;120923
1;120924
1;120925
1;120929
1;120930
1;120991
1;120999
1;121010
1;121020
1;121120
1;121130
1;121140
1;121190
4;121221
4;121229
1;121291
1;121292
1;121293
1;121294
1;121299
1;121300
23;121410
1;121490
3;130120
3;130190
1;130211
23;130212
23;130213
23;130219
23;130220
23;130231
23;130232
23;130239
3;140110
3;140120
3;140190
21;140420
3;140490
21;150110
21;150120
21;150190
21;150210
21;150290
21;150300
21;150410
21;150420
21;150430
21;150500
21;150600
21;150710
21;150790
21;150810
21;150890
21;150910
21;150990
21;151000
21;151110
21;151190
21;151211
21;151219
21;151221
21;151229
21;151311
21;151319
21;151321
21;151329
21;151411
21;151419
21;151491
21;151499
21;151511
21;151519
21;151521
21;151529
21;151530
21;151550
21;151590
21;151610
21;151620
21;151710
21;151790
34;151800
34;152000
21;152110
2;152190
21;152200
21;160100
23;160210
21;160220
21;160231
21;160232
21;160239
21;160241
21;160242
21;160249
21;160250
21;160290
21;160300
21;160411
21;160412
21;160413
21;160414
21;160415
21;160416
21;160417
21;160419
21;160420
21;160431
21;160432
21;160510
21;160521
21;160529
21;160530
21;160540
21;160551
21;160552
21;160553
21;160554
21;160555
21;160556
21;160557
2;160558
21;160559
21;160561
21;160562
21;160563
21;160569
23;170112
23;170113
23;170114
23;170191
23;170199
23;170211
23;170219
23;170220
23;170230
23;170240
23;170250
23;170260
23;170290
23;170310
23;170390
23;170410
23;170490
1;180100
39;180200
23;180310
23;180320
23;180400
23;180500
23;180610
23;180620
23;180631
23;180632
23;180690
23;190110
23;190120
23;190190
23;190211
23;190219
23;190220
23;190230
23;190240
23;190300
23;190410
23;190420
23;190430
23;190490
23;190510
23;190520
23;190531
23;190532
23;190540
23;190590
21;200110
21;200190
21;200210
21;200290
21;200310
21;200390
21;200410
21;200490
23;200510
21;200520
21;200540
21;200551
21;200559
21;200560
21;200570
21;200580
21;200591
21;200599
23;200600
23;200710
21;200791
21;200799
21;200811
21;200819
21;200820
21;200830
21;200840
21;200850
21;200860
21;200870
21;200880
21;200891
21;200893
21;200897
21;200899
21;200911
21;200912
21;200919
21;200921
21;200929
21;200931
21;200939
21;200941
21;200949
21;200950
21;200961
21;200969
21;200971
21;200979
21;200981
21;200989
21;200990
23;210111
23;210112
23;210120
23;210130
23;210210
23;210220
23;210230
23;210310
23;210320
23;210330
23;210390
23;210410
23;210420
22;210500
23;210610
23;210690
24;220110
24;220190
24;220210
24;220290
24;220300
24;220410
24;220421
24;220429
24;220430
24;220510
24;220590
24;220600
24;220710
34;220720
24;220820
24;220830
24;220840
24;220850
24;220860
24;220870
24;220890
23;220900
21;230110
21;230120
39;230210
39;230230
39;230240
39;230250
39;230310
39;230320
39;230330
21;230400
21;230500
21;230610
21;230620
21;230630
21;230641
21;230649
21;230650
21;230660
21;230690
39;230700
39;230800
23;230910
23;230990
1;240110
25;240120
39;240130
25;240210
25;240220
25;240290
25;240311
25;240319
25;240391
25;240399
16;250100
16;250200
34;250300
16;250410
16;250490
15;250510
15;250590
16;250610
15;250620
15;250700
15;250810
15;250830
15;250840
15;250850
15;250860
15;250870
16;250900
16;251010
16;251020
16;251110
16;251120
16;251200
16;251310
16;251320
15;251400
15;251511
15;251512
15;251520
15;251611
15;251612
15;251620
15;251690
15;251710
15;251720
37;251730
15;251741
15;251749
16;251810
37;251820
37;251830
16;251910
16;251990
15;252010
37;252020
15;252100
37;252210
37;252220
37;252230
37;252310
37;252321
37;252329
37;252330
37;252390
16;252410
16;252490
16;252510
16;252520
39;252530
16;252610
16;252620
16;252800
16;252910
16;252921
16;252922
16;252930
16;253010
16;253020
16;253090
14;260111
14;260112
34;260120
14;260200
14;260300
14;260400
14;260500
14;260600
14;260700
14;260800
14;260900
14;261000
14;261100
13;261210
13;261220
14;261310
14;261390
14;261400
14;261510
14;261590
14;261610
14;261690
14;261710
14;261790
39;261800
39;261900
39;262011
39;262019
39;262021
39;262029
39;262030
39;262040
39;262060
39;262091
39;262099
39;262110
39;262190
11;270111
11;270112
11;270119
11;270120
11;270210
11;270220
11;270300
33;270400
17;270500
33;270600
34;270710
34;270720
34;270730
34;270740
34;270750
34;270791
34;270799
34;270810
34;270820
12;270900
33;271012
33;271019
33;271020
39;271091
39;271099
12;271111
33;271112
33;271113
33;271114
33;271119
12;271121
33;271129
33;271210
33;271220
33;271290
33;271311
33;271312
33;271320
33;271390
12;271410
15;271490
37;271500
17;271600
34;280110
34;280120
34;280130
34;280200
34;280300
34;280410
34;280421
34;280429
34;280430
34;280440
34;280450
34;280461
34;280469
34;280470
34;280480
34;280490
34;280511
34;280512
34;280519
34;280530
34;280540
34;280610
34;280620
34;280700
34;280800
34;280910
34;280920
34;281000
34;281111
34;281119
34;281121
34;281122
34;281129
34;281210
34;281290
34;281310
34;281390
34;281410
34;281420
34;281511
34;281512
34;281520
34;281530
34;281610
34;281640
34;281700
37;281810
41;281820
34;281830
34;281910
34;281990
34;282010
34;282090
34;282110
34;282120
34;282200
34;282300
34;282410
34;282490
34;282510
34;282520
34;282530
34;282540
34;282550
34;282560
34;282570
34;282580
34;282590
34;282612
34;282619
34;282630
34;282690
34;282710
34;282720
34;282731
34;282732
34;282735
34;282739
34;282741
34;282749
34;282751
34;282759
34;282760
34;282810
34;282890
34;282911
34;282919
34;282990
34;283010
34;283090
34;283110
34;283190
34;283210
34;283220
34;283230
34;283311
34;283319
34;283321
34;283322
34;283324
34;283325
34;283327
34;283329
34;283330
34;283340
34;283410
34;283421
34;283429
34;283510
34;283522
34;283524
34;283525
34;283526
34;283529
34;283531
34;283539
34;283620
34;283630
34;283640
34;283650
34;283660
34;283691
34;283692
34;283699
34;283711
34;283719
34;283720
34;283911
34;283919
34;283990
34;284011
34;284019
34;284020
34;284030
34;284130
34;284150
34;284161
34;284169
34;284170
34;284180
34;284190
34;284210
34;284290
34;284310
34;284321
34;284329
34;284330
34;284390
33;284410
33;284420
33;284430
33;284440
33;284450
34;284510
34;284590
34;284610
34;284690
34;284700
34;284800
34;284910
34;284920
34;284990
34;285000
34;285210
34;285290
34;285300
34;290110
34;290121
34;290122
34;290123
34;290124
34;290129
34;290211
34;290219
34;290220
34;290230
34;290241
34;290242
34;290243
34;290244
34;290250
34;290260
34;290270
34;290290
34;290311
34;290312
34;290313
34;290314
34;290315
34;290319
34;290321
34;290322
34;290323
34;290329
34;290331
34;290339
34;290371
34;290372
34;290373
34;290374
34;290375
34;290376
34;290377
34;290378
34;290379
34;290381
34;290382
34;290389
34;290391
34;290392
34;290399
34;290410
34;290420
34;290490
34;290511
34;290512
34;290513
34;290514
34;290516
34;290517
34;290519
34;290522
34;290529
34;290531
34;290532
34;290539
34;290541
34;290542
34;290543
34;290544
34;290545
34;290549
34;290551
34;290559
34;290611
34;290612
34;290613
34;290619
34;290621
34;290629
34;290711
34;290712
34;290713
34;290715
34;290719
34;290721
34;290722
34;290723
34;290729
34;290811
34;290819
34;290891
34;290892
34;290899
34;290911
34;290919
34;290920
34;290930
34;290941
34;290943
34;290944
34;290949
34;290950
34;290960
34;291010
34;291020
34;291030
34;291040
34;291090
34;291100
34;291211
34;291212
34;291219
34;291221
34;291229
34;291241
34;291242
34;291249
34;291250
34;291260
34;291300
34;291411
34;291412
34;291413
34;291419
34;291422
34;291423
34;291429
34;291431
34;291439
34;291440
34;291450
34;291461
34;291469
34;291470
34;291511
34;291512
34;291513
34;291521
34;291524
34;291529
34;291531
34;291532
34;291533
34;291536
34;291539
34;291540
34;291550
34;291560
34;291570
34;291590
34;291611
34;291612
34;291613
34;291614
34;291615
34;291616
34;291619
34;291620
34;291631
34;291632
34;291634
34;291639
34;291711
34;291712
34;291713
34;291714
34;291719
34;291720
34;291732
34;291733
34;291734
34;291735
34;291736
34;291737
34;291739
34;291811
34;291812
34;291813
34;291814
34;291815
34;291816
34;291818
34;291819
35;291821
35;291822
35;291823
34;291829
34;291830
34;291891
34;291899
34;291910
34;291990
34;292011
34;292019
34;292090
34;292111
34;292119
34;292121
34;292122
34;292129
34;292130
34;292141
34;292142
34;292143
34;292144
34;292145
34;292146
34;292149
34;292151
34;292159
34;292211
34;292212
34;292213
34;292214
34;292219
34;292221
34;292229
34;292231
34;292239
35;292241
35;292242
34;292243
34;292244
34;292249
34;292250
35;292310
35;292320
35;292390
35;292411
35;292412
35;292419
34;292421
35;292423
35;292424
35;292429
34;292511
34;292512
34;292519
34;292521
34;292529
34;292610
34;292620
34;292630
34;292690
34;292700
34;292800
34;292910
34;292990
34;293020
34;293030
34;293040
34;293050
34;293090
34;293110
34;293120
34;293190
34;293211
34;293212
34;293213
34;293219
35;293220
34;293291
34;293292
34;293293
34;293294
34;293295
34;293299
35;293311
35;293319
35;293321
34;293329
34;293331
34;293332
34;293333
34;293339
34;293341
34;293349
35;293352
35;293353
35;293354
35;293355
35;293359
34;293361
35;293369
34;293371
34;293372
34;293379
34;293391
34;293399
34;293410
34;293420
35;293430
34;293491
34;293499
35;293500
35;293621
35;293622
35;293623
35;293624
35;293625
35;293626
35;293627
35;293628
35;293629
35;293690
35;293711
35;293712
35;293719
35;293721
35;293722
35;293723
35;293729
35;293750
35;293790
35;293810
35;293890
35;293911
35;293919
35;293920
35;293930
35;293941
35;293942
35;293943
35;293944
35;293949
35;293951
35;293959
35;293961
35;293962
35;293963
35;293969
35;293991
35;293999
35;294000
35;294110
35;294120
35;294130
35;294140
35;294150
35;294190
34;294200
35;300120
35;300190
35;300210
35;300220
35;300230
35;300290
35;300310
35;300320
35;300331
35;300339
35;300340
35;300390
35;300410
35;300420
35;300431
35;300432
35;300439
35;300440
35;300450
35;300490
35;300510
35;300590
35;300610
35;300620
35;300630
35;300640
35;300650
35;300660
35;300670
36;300691
39;300692
34;310100
34;310210
34;310221
34;310229
34;310230
34;310240
34;310250
34;310260
34;310280
34;310290
34;310310
34;310390
34;310420
34;310430
34;310490
34;310510
34;310520
34;310530
34;310540
34;310551
34;310559
34;310560
34;310590
34;320110
34;320120
34;320190
34;320210
34;320290
34;320300
34;320411
34;320412
34;320413
34;320414
34;320415
34;320416
34;320417
34;320419
34;320420
34;320490
34;320500
34;320611
34;320619
34;320620
34;320641
34;320642
34;320649
34;320650
35;320710
35;320720
35;320730
35;320740
35;320810
35;320820
35;320890
35;320910
35;320990
35;321000
35;321100
35;321210
35;321290
35;321310
35;321390
35;321410
35;321490
35;321511
35;321519
35;321590
35;330112
35;330113
35;330119
35;330124
35;330125
35;330129
35;330130
35;330190
35;330210
35;330290
35;330300
35;330410
35;330420
35;330430
35;330491
35;330499
35;330510
35;330520
35;330530
35;330590
35;330610
35;330620
35;330690
35;330710
35;330720
35;330730
35;330741
35;330749
35;330790
35;340111
35;340119
35;340120
35;340130
35;340211
35;340212
35;340213
35;340219
35;340220
35;340290
35;340311
35;340319
35;340391
35;340399
35;340420
35;340490
35;340510
35;340520
35;340530
35;340540
35;340590
38;340600
35;340700
22;350110
35;350190
23;350211
23;350219
35;350220
35;350290
35;350300
35;350400
23;350510
35;350520
35;350610
35;350691
35;350699
34;350710
34;350790
35;360100
35;360200
35;360300
35;360410
35;360490
38;360500
38;360610
38;360690
48;370110
48;370120
48;370130
48;370191
48;370199
48;370210
48;370231
48;370232
48;370239
48;370241
48;370242
48;370243
48;370244
48;370252
48;370253
48;370254
48;370255
48;370256
48;370296
48;370297
48;370298
48;370310
48;370320
48;370390
38;370400
38;370510
38;370590
38;370610
38;370690
48;370710
48;370790
37;380110
37;380120
37;380130
37;380190
35;380210
34;380290
34;380300
39;380400
34;380510
34;380590
34;380610
34;380620
34;380630
34;380690
34;380700
34;380850
34;380891
34;380892
34;380893
34;380894
34;380899
35;380910
35;380991
35;380992
35;380993
35;381010
35;381090
35;381111
35;381119
35;381121
35;381129
35;381190
35;381210
35;381220
35;381230
35;381300
35;381400
35;381511
35;381512
35;381519
35;381590
37;381600
35;381700
35;381800
35;381900
35;382000
35;382100
35;382200
34;382311
34;382312
34;382313
34;382319
34;382370
35;382410
35;382430
35;382440
37;382450
35;382460
35;382471
35;382472
35;382473
35;382474
35;382475
35;382476
35;382477
35;382478
35;382479
35;382481
35;382482
35;382483
35;382490
39;382510
39;382520
39;382530
39;382541
39;382549
39;382550
39;382561
39;382569
39;382590
35;382600
34;390110
34;390120
34;390130
34;390190
34;390210
34;390220
34;390230
34;390290
34;390311
34;390319
34;390320
34;390330
34;390390
34;390410
34;390421
34;390422
34;390430
34;390440
34;390450
34;390461
34;390469
34;390490
34;390512
34;390519
34;390521
34;390529
34;390530
34;390591
34;390599
34;390610
34;390690
34;390710
34;390720
34;390730
34;390740
34;390750
34;390760
34;390770
34;390791
34;390799
34;390810
34;390890
34;390910
34;390920
34;390930
34;390940
34;390950
34;391000
34;391110
34;391190
34;391211
34;391212
34;391220
34;391231
34;391239
34;391290
34;391310
34;391390
34;391400
39;391510
39;391520
39;391530
39;391590
36;391610
36;391620
36;391690
36;391710
36;391721
36;391722
36;391723
36;391729
36;391731
36;391732
36;391733
36;391739
36;391740
36;391810
36;391890
36;391910
36;391990
36;392010
36;392020
36;392030
36;392043
36;392049
36;392051
36;392059
36;392061
36;392062
36;392063
36;392069
36;392071
36;392073
36;392079
36;392091
36;392092
36;392093
36;392094
36;392099
36;392111
36;392112
36;392113
36;392114
36;392119
36;392190
36;392210
36;392220
36;392290
36;392310
36;392321
36;392329
36;392330
36;392340
36;392350
36;392390
36;392410
36;392490
36;392510
36;392520
36;392530
36;392590
36;392610
28;392620
36;392630
36;392640
36;392690
1;400110
1;400121
1;400122
1;400129
3;400130
34;400211
34;400219
34;400220
34;400231
34;400239
34;400241
34;400249
34;400251
34;400259
34;400260
34;400270
34;400280
34;400291
34;400299
36;400300
39;400400
36;400510
36;400520
36;400591
36;400599
36;400610
36;400690
36;400700
36;400811
36;400819
36;400821
36;400829
36;400911
36;400912
36;400921
36;400922
36;400931
36;400932
36;400941
36;400942
36;401011
36;401012
36;401019
36;401031
36;401032
36;401033
36;401034
36;401035
36;401036
36;401039
36;401110
36;401120
36;401130
36;401140
36;401150
36;401161
36;401162
36;401163
36;401169
36;401192
36;401193
36;401194
36;401199
36;401211
36;401212
36;401213
36;401219
39;401220
36;401290
36;401310
36;401320
36;401390
36;401410
36;401490
36;401511
36;401519
36;401590
36;401610
36;401691
36;401692
36;401693
36;401694
36;401695
36;401699
36;401700
2;410120
2;410150
2;410190
2;410210
2;410221
2;410229
2;410320
2;410330
2;410390
29;410411
29;410419
29;410441
29;410449
29;410510
29;410530
29;410621
29;410622
29;410631
29;410632
29;410640
29;410691
29;410692
29;410711
29;410712
29;410719
29;410791
29;410792
29;410799
29;411200
29;411310
29;411320
29;411330
29;411390
29;411410
29;411420
29;411510
39;411520
29;420100
29;420211
29;420212
29;420219
29;420221
29;420222
29;420229
29;420231
29;420232
29;420239
29;420291
29;420292
29;420299
28;420310
38;420321
28;420329
28;420330
28;420340
29;420500
38;420600
2;430110
2;430130
2;430160
2;430180
2;430190
28;430211
28;430219
28;430220
28;430230
28;430310
28;430390
28;430400
3;440110
31;440121
31;440122
39;440131
39;440139
34;440210
34;440290
31;440310
3;440320
3;440341
3;440349
3;440391
3;440392
3;440399
31;440410
31;440420
31;440500
31;440610
31;440690
31;440710
31;440721
31;440722
31;440725
31;440726
31;440727
31;440728
31;440729
31;440791
31;440792
31;440793
31;440794
31;440795
31;440799
31;440810
31;440831
31;440839
31;440890
31;440910
31;440921
31;440929
31;441011
31;441012
31;441019
31;441090
31;441112
31;441113
31;441114
31;441192
31;441193
31;441194
31;441210
31;441231
31;441232
31;441239
31;441294
31;441299
31;441300
31;441400
31;441510
31;441520
31;441600
31;441700
31;441810
31;441820
31;441840
31;441850
31;441860
31;441871
31;441872
31;441879
31;441890
31;441900
31;442010
31;442090
31;442110
31;442190
3;450110
31;450190
31;450200
31;450310
31;450390
31;450410
31;450490
31;460121
31;460122
31;460129
31;460192
31;460193
31;460194
31;460199
31;460211
31;460212
31;460219
31;460290
32;470100
32;470200
32;470311
32;470319
32;470321
32;470329
32;470411
32;470419
32;470421
32;470429
32;470500
32;470610
32;470620
32;470630
32;470691
32;470692
32;470693
39;470710
39;470720
39;470730
39;470790
32;480100
32;480210
32;480220
32;480240
32;480254
32;480255
32;480256
32;480257
32;480258
32;480261
32;480262
32;480269
32;480300
32;480411
32;480419
32;480421
32;480429
32;480431
32;480439
32;480441
32;480442
32;480449
32;480451
32;480452
32;480459
32;480511
32;480512
32;480519
32;480524
32;480525
32;480530
32;480540
32;480550
32;480591
32;480592
32;480593
32;480610
32;480620
32;480630
32;480640
32;480700
32;480810
32;480840
32;480890
32;480920
32;480990
32;481013
32;481014
32;481019
32;481022
32;481029
32;481031
32;481032
32;481039
32;481092
32;481099
32;481110
32;481141
32;481149
32;481151
32;481159
32;481160
32;481190
32;481200
32;481310
32;481320
32;481390
32;481420
32;481490
32;481620
32;481690
32;481710
32;481720
32;481730
32;481810
32;481820
32;481830
32;481850
32;481890
32;481910
32;481920
32;481930
32;481940
32;481950
32;481960
32;482010
32;482020
32;482030
32;482040
32;482050
32;482090
32;482110
32;482190
32;482210
32;482290
32;482320
32;482340
32;482361
32;482369
32;482370
32;482390
32;490110
32;490191
32;490199
32;490210
32;490290
32;490300
32;490400
32;490510
32;490591
32;490599
32;490600
32;490700
32;490810
32;490890
32;490900
32;491000
32;491110
32;491191
32;491199
2;500100
26;500200
39;500300
26;500400
26;500500
26;500600
26;500710
26;500720
26;500790
2;510111
2;510119
26;510121
26;510129
26;510130
2;510211
2;510219
2;510220
26;510310
39;510320
39;510330
39;510400
26;510510
26;510521
26;510529
26;510531
26;510539
26;510540
26;510610
26;510620
26;510710
26;510720
26;510810
26;510820
26;510910
26;510990
26;511000
26;511111
26;511119
26;511120
26;511130
26;511190
26;511211
26;511219
26;511220
26;511230
26;511290
26;511300
1;520100
39;520210
39;520291
39;520299
26;520300
26;520411
26;520419
26;520420
26;520511
26;520512
26;520513
26;520514
26;520515
26;520521
26;520522
26;520523
26;520524
26;520526
26;520527
26;520528
26;520531
26;520532
26;520533
26;520534
26;520535
26;520541
26;520542
26;520543
26;520544
26;520546
26;520547
26;520548
26;520611
26;520612
26;520613
26;520614
26;520615
26;520621
26;520622
26;520623
26;520624
26;520625
26;520631
26;520632
26;520633
26;520634
26;520635
26;520641
26;520642
26;520643
26;520644
26;520645
26;520710
26;520790
26;520811
26;520812
26;520813
26;520819
26;520821
26;520822
26;520823
26;520829
26;520831
26;520832
26;520833
26;520839
26;520841
26;520842
26;520843
26;520849
26;520851
26;520852
26;520859
26;520911
26;520912
26;520919
26;520921
26;520922
26;520929
26;520931
26;520932
26;520939
26;520941
26;520942
26;520943
26;520949
26;520951
26;520952
26;520959
26;521011
26;521019
26;521021
26;521029
26;521031
26;521032
26;521039
26;521041
26;521049
26;521051
26;521059
26;521111
26;521112
26;521119
26;521120
26;521131
26;521132
26;521139
26;521141
26;521142
26;521143
26;521149
26;521151
26;521152
26;521159
26;521211
26;521212
26;521213
26;521214
26;521215
26;521221
26;521222
26;521223
26;521224
26;521225
1;530110
26;530121
26;530129
26;530130
1;530210
26;530290
1;530310
26;530390
26;530500
26;530610
26;530620
26;530710
26;530720
26;530810
26;530820
26;530890
26;530911
26;530919
26;530921
26;530929
26;531010
26;531090
26;531100
26;540110
26;540120
35;540211
35;540219
35;540220
35;540231
35;540232
35;540233
35;540234
35;540239
35;540244
35;540245
35;540246
35;540247
35;540248
35;540249
35;540251
35;540252
35;540259
26;540261
26;540262
26;540269
35;540310
35;540331
35;540332
35;540333
35;540339
26;540341
26;540342
26;540349
35;540411
35;540412
35;540419
35;540490
35;540500
26;540600
26;540710
26;540720
26;540730
26;540741
26;540742
26;540743
26;540744
26;540751
26;540752
26;540753
26;540754
26;540761
26;540769
26;540771
26;540772
26;540773
26;540774
26;540781
26;540782
26;540783
26;540784
26;540791
26;540792
26;540793
26;540794
26;540810
26;540821
26;540822
26;540823
26;540824
26;540831
26;540832
26;540833
26;540834
35;550110
35;550120
35;550130
35;550140
35;550190
35;550200
35;550311
35;550319
35;550320
35;550330
35;550340
35;550390
35;550410
35;550490
39;550510
39;550520
26;550610
26;550620
26;550630
26;550690
26;550700
26;550810
26;550820
26;550911
26;550912
26;550921
26;550922
26;550931
26;550932
26;550941
26;550942
26;550951
26;550952
26;550953
26;550959
26;550961
26;550962
26;550969
26;550991
26;550992
26;550999
26;551011
26;551012
26;551020
26;551030
26;551090
26;551110
26;551120
26;551130
26;551211
26;551219
26;551221
26;551229
26;551291
26;551299
26;551311
26;551312
26;551313
26;551319
26;551321
26;551323
26;551329
26;551331
26;551339
26;551341
26;551349
26;551411
26;551412
26;551419
26;551421
26;551422
26;551423
26;551429
26;551430
26;551441
26;551442
26;551443
26;551449
26;551511
26;551512
26;551513
26;551519
26;551521
26;551522
26;551529
26;551591
26;551599
26;551611
26;551612
26;551613
26;551614
26;551621
26;551622
26;551623
26;551624
26;551631
26;551632
26;551633
26;551634
26;551641
26;551642
26;551643
26;551644
26;551691
26;551692
26;551693
26;551694
27;560121
27;560122
27;560129
27;560130
27;560210
27;560221
27;560229
27;560290
27;560311
27;560312
27;560313
27;560314
27;560391
27;560392
27;560393
27;560394
27;560410
27;560490
27;560500
27;560600
27;560721
27;560729
27;560741
27;560749
27;560750
27;560790
27;560811
27;560819
27;560890
27;560900
27;570110
27;570190
27;570210
27;570220
27;570231
27;570232
27;570239
27;570241
27;570242
27;570249
27;570250
27;570291
27;570292
27;570299
27;570310
27;570320
27;570330
27;570390
27;570410
27;570490
27;570500
26;580110
26;580121
26;580122
26;580123
26;580126
26;580127
26;580131
26;580132
26;580133
26;580136
26;580137
26;580190
26;580211
26;580219
26;580220
26;580230
26;580300
27;580410
27;580421
27;580429
27;580430
27;580500
27;580610
27;580620
27;580631
27;580632
27;580639
27;580640
27;580710
27;580790
27;580810
27;580890
27;580900
27;581010
27;581091
27;581092
27;581099
27;581100
27;590110
27;590190
27;590210
27;590220
27;590290
27;590310
27;590320
27;590390
38;590410
38;590490
32;590500
36;590610
36;590691
36;590699
27;590700
27;590800
27;590900
27;591000
27;591110
27;591120
27;591131
27;591132
27;591140
27;591190
28;600110
28;600121
28;600122
28;600129
28;600191
28;600192
28;600199
28;600240
28;600290
28;600310
28;600320
28;600330
28;600340
28;600390
28;600410
28;600490
28;600521
28;600522
28;600523
28;600524
28;600531
28;600532
28;600533
28;600534
28;600541
28;600542
28;600543
28;600544
28;600590
28;600610
28;600621
28;600622
28;600623
28;600624
28;600631
28;600632
28;600633
28;600634
28;600641
28;600642
28;600643
28;600644
28;600690
28;610120
28;610130
28;610190
28;610210
28;610220
28;610230
28;610290
28;610310
28;610322
28;610323
28;610329
28;610331
28;610332
28;610333
28;610339
28;610341
28;610342
28;610343
28;610349
28;610413
28;610419
28;610422
28;610423
28;610429
28;610431
28;610432
28;610433
28;610439
28;610441
28;610442
28;610443
28;610444
28;610449
28;610451
28;610452
28;610453
28;610459
28;610461
28;610462
28;610463
28;610469
28;610510
28;610520
28;610590
28;610610
28;610620
28;610690
28;610711
28;610712
28;610719
28;610721
28;610722
28;610729
28;610791
28;610799
28;610811
28;610819
28;610821
28;610822
28;610829
28;610831
28;610832
28;610839
28;610891
28;610892
28;610899
28;610910
28;610990
28;611011
28;611012
28;611019
28;611020
28;611030
28;611090
28;611120
28;611130
28;611190
28;611211
28;611212
28;611219
28;611220
28;611231
28;611239
28;611241
28;611249
28;611300
28;611420
28;611430
28;611490
28;611510
28;611521
28;611522
28;611529
28;611530
28;611594
28;611595
28;611596
28;611599
28;611610
28;611691
28;611692
28;611693
28;611699
28;611710
28;611780
28;611790
28;620111
28;620112
28;620113
28;620119
28;620191
28;620192
28;620193
28;620199
28;620211
28;620212
28;620213
28;620219
28;620291
28;620292
28;620293
28;620299
28;620311
28;620312
28;620319
28;620322
28;620323
28;620329
28;620331
28;620332
28;620333
28;620339
28;620341
28;620342
28;620343
28;620349
28;620411
28;620412
28;620413
28;620419
28;620421
28;620422
28;620423
28;620429
28;620431
28;620432
28;620433
28;620439
28;620441
28;620442
28;620443
28;620444
28;620449
28;620451
28;620452
28;620453
28;620459
28;620461
28;620462
28;620463
28;620469
28;620520
28;620530
28;620590
28;620610
28;620620
28;620630
28;620640
28;620690
28;620711
28;620719
28;620721
28;620722
28;620729
28;620791
28;620799
28;620811
28;620819
28;620821
28;620822
28;620829
28;620891
28;620892
28;620899
28;620920
28;620930
28;620990
28;621010
28;621020
28;621030
28;621040
28;621050
28;621111
28;621112
28;621120
28;621132
28;621133
28;621139
28;621142
28;621143
28;621149
28;621210
28;621220
28;621230
28;621290
28;621320
28;621390
28;621410
28;621420
28;621430
28;621440
28;621490
28;621510
28;621520
28;621590
28;621600
28;621710
28;621790
44;630110
27;630120
27;630130
27;630140
27;630190
27;630210
27;630221
27;630222
27;630229
27;630231
27;630232
27;630239
27;630240
27;630251
27;630253
27;630259
27;630260
27;630291
27;630293
27;630299
27;630312
27;630319
27;630391
27;630392
27;630399
27;630411
27;630419
27;630491
27;630492
27;630493
27;630499
27;630510
27;630520
27;630532
27;630533
27;630539
27;630590
27;630612
27;630619
27;630622
27;630629
27;630630
27;630640
27;630690
27;630710
27;630720
27;630790
27;630800
39;630900
39;631010
39;631090
29;640110
29;640192
29;640199
29;640212
29;640219
29;640220
29;640291
29;640299
29;640312
29;640319
29;640320
29;640340
29;640351
29;640359
29;640391
29;640399
29;640411
29;640419
29;640420
29;640510
29;640520
29;640590
29;640610
29;640620
29;640690
28;650100
28;650200
28;650400
28;650500
36;650610
36;650691
28;650699
28;650700
38;660110
38;660191
38;660199
38;660200
38;660320
38;660390
38;670100
38;670210
38;670290
38;670300
38;670411
38;670419
38;670420
38;670490
37;680100
37;680210
37;680221
37;680223
37;680229
37;680291
37;680292
37;680293
37;680299
37;680300
37;680410
37;680421
37;680422
37;680423
37;680430
37;680510
37;680520
37;680530
37;680610
37;680620
37;680690
37;680710
37;680790
37;680800
37;680911
37;680919
37;680990
37;681011
37;681019
37;681091
37;681099
37;681140
37;681181
37;681182
37;681189
37;681280
37;681291
37;681292
37;681293
37;681299
37;681320
37;681381
37;681389
37;681410
37;681490
37;681510
37;681520
37;681591
37;681599
37;690100
37;690210
37;690220
37;690290
37;690310
37;690320
37;690390
37;690410
37;690490
37;690510
37;690590
37;690600
37;690710
37;690790
37;690810
37;690890
37;690911
37;690912
37;690919
37;690990
37;691010
37;691090
37;691110
37;691190
37;691200
37;691310
37;691390
37;691410
37;691490
37;700100
37;700210
37;700220
37;700231
37;700232
37;700239
37;700312
37;700319
37;700320
37;700330
37;700420
37;700490
37;700510
37;700521
37;700529
37;700530
37;700600
37;700711
37;700719
37;700721
37;700729
37;700800
37;700910
37;700991
37;700992
37;701010
37;701020
37;701090
37;701110
37;701120
37;701190
37;701310
37;701322
37;701328
37;701333
37;701337
37;701341
37;701342
37;701349
37;701391
37;701399
37;701400
37;701510
37;701590
37;701610
37;701690
37;701710
37;701720
37;701790
37;701810
37;701820
37;701890
37;701911
37;701912
37;701919
37;701931
37;701932
37;701939
26;701940
26;701951
26;701952
26;701959
37;701990
37;702000
38;710110
38;710121
38;710122
16;710210
16;710221
38;710229
16;710231
38;710239
16;710310
38;710391
38;710399
34;710410
34;710420
38;710490
38;710510
38;710590
41;710610
41;710691
41;710692
41;710700
41;710811
41;710812
41;710813
41;710820
41;710900
41;711011
41;711019
41;711021
41;711029
41;711031
41;711039
41;711041
41;711049
41;711100
39;711230
39;711291
39;711292
39;711299
38;711311
38;711319
38;711320
38;711411
38;711419
38;711420
41;711510
38;711590
38;711610
38;711620
38;711711
38;711719
38;711790
38;711810
38;711890
41;720110
41;720120
41;720150
41;720211
41;720219
41;720221
41;720229
41;720230
41;720241
41;720249
41;720250
41;720260
41;720270
41;720280
41;720291
41;720292
41;720293
41;720299
41;720310
41;720390
39;720410
39;720421
39;720429
39;720430
39;720441
39;720449
39;720450
41;720510
41;720521
41;720529
41;720610
41;720690
41;720711
41;720712
41;720719
41;720720
41;720810
41;720825
41;720826
41;720827
41;720836
41;720837
41;720838
41;720839
41;720840
41;720851
41;720852
41;720853
41;720854
41;720890
41;720915
41;720916
41;720917
41;720918
41;720925
41;720926
41;720927
41;720928
41;720990
41;721011
41;721012
41;721020
41;721030
41;721041
41;721049
41;721050
41;721061
41;721069
41;721070
41;721090
41;721113
41;721114
41;721119
41;721123
41;721129
41;721190
41;721210
41;721220
41;721230
41;721240
41;721250
41;721260
41;721310
41;721320
41;721391
41;721399
41;721410
41;721420
41;721430
41;721491
41;721499
41;721510
41;721550
41;721590
41;721610
41;721621
41;721622
41;721631
41;721632
41;721633
41;721640
41;721650
41;721661
41;721669
41;721691
41;721699
41;721710
41;721720
41;721730
41;721790
41;721810
41;721891
41;721899
41;721911
41;721912
41;721913
41;721914
41;721921
41;721922
41;721923
41;721924
41;721931
41;721932
41;721933
41;721934
41;721935
41;721990
41;722011
41;722012
41;722020
41;722090
41;722100
41;722211
41;722219
41;722220
41;722230
41;722240
41;722300
41;722410
41;722490
41;722511
41;722519
41;722530
41;722540
41;722550
41;722591
41;722592
41;722599
41;722611
41;722619
41;722620
41;722691
41;722692
41;722699
41;722710
41;722720
41;722790
41;722810
41;722820
41;722830
41;722840
41;722850
41;722860
41;722870
41;722880
41;722920
41;722990
41;730110
41;730120
41;730210
41;730230
41;730240
41;730290
41;730300
41;730411
41;730419
41;730422
41;730423
41;730424
41;730429
41;730431
41;730439
41;730441
41;730449
41;730451
41;730459
41;730490
41;730511
41;730512
41;730519
41;730520
41;730531
41;730539
41;730590
41;730611
41;730619
41;730621
41;730629
41;730630
41;730640
41;730650
41;730661
41;730669
41;730690
41;730711
41;730719
41;730721
41;730722
41;730723
41;730729
41;730791
41;730792
41;730793
41;730799
42;730810
42;730820
42;730830
42;730840
42;730890
42;730900
42;731010
42;731021
42;731029
42;731100
42;731210
42;731290
42;731300
42;731412
42;731414
42;731419
42;731420
42;731431
42;731439
42;731441
42;731442
42;731449
42;731450
43;731511
43;731512
43;731519
42;731520
42;731581
42;731582
42;731589
42;731590
42;731600
42;731700
42;731811
42;731812
42;731813
42;731814
42;731815
42;731816
42;731819
42;731821
42;731822
42;731823
42;731824
42;731829
42;731940
42;731990
42;732010
42;732020
42;732090
44;732111
44;732112
44;732119
44;732181
44;732182
44;732189
44;732190
44;732211
44;732219
44;732290
42;732310
42;732391
42;732392
42;732393
42;732394
42;732399
42;732410
42;732421
42;732429
42;732490
42;732510
42;732591
42;732599
42;732611
42;732619
42;732620
42;732690
41;740100
41;740200
41;740311
41;740312
41;740313
41;740319
41;740321
41;740322
41;740329
39;740400
41;740500
41;740610
41;740620
41;740710
41;740721
41;740729
41;740811
41;740819
41;740821
41;740822
41;740829
41;740911
41;740919
41;740921
41;740929
41;740931
41;740939
41;740940
41;740990
41;741011
41;741012
41;741021
41;741022
41;741110
41;741121
41;741122
41;741129
41;741210
41;741220
42;741300
42;741510
42;741521
42;741529
42;741533
42;741539
42;741810
42;741820
42;741910
42;741991
42;741999
41;750110
41;750120
41;750210
41;750220
39;750300
41;750400
41;750511
41;750512
41;750521
41;750522
41;750610
41;750620
41;750711
41;750712
41;750720
42;750810
42;750890
41;760110
41;760120
39;760200
41;760310
41;760320
41;760410
41;760421
41;760429
41;760511
41;760519
41;760521
41;760529
41;760611
41;760612
41;760691
41;760692
41;760711
41;760719
41;760720
41;760810
41;760820
41;760900
42;761010
42;761090
42;761100
42;761210
42;761290
42;761300
42;761410
42;761490
42;761510
42;761520
42;761610
42;761691
42;761699
41;780110
41;780191
41;780199
39;780200
41;780411
41;780419
41;780420
42;780600
41;790111
41;790112
41;790120
39;790200
41;790310
41;790390
41;790400
41;790500
42;790700
41;800110
41;800120
39;800200
41;800300
42;800700
41;810110
41;810194
41;810196
39;810197
41;810199
41;810210
41;810294
41;810295
41;810296
39;810297
41;810299
41;810320
39;810330
41;810390
41;810411
41;810419
39;810420
41;810430
41;810490
41;810520
39;810530
41;810590
41;810600
41;810720
39;810730
41;810790
41;810820
39;810830
41;810890
41;810920
39;810930
41;810990
41;811010
39;811020
41;811090
41;811100
41;811212
39;811213
41;811219
41;811221
39;811222
41;811229
41;811251
39;811252
41;811259
41;811292
41;811299
41;811300
42;820110
42;820130
42;820140
42;820150
42;820160
42;820190
42;820210
42;820220
42;820231
42;820239
42;820240
42;820291
42;820299
42;820310
42;820320
42;820330
42;820340
42;820411
42;820412
42;820420
42;820510
42;820520
42;820530
42;820540
42;820551
42;820559
42;820560
42;820570
42;820590
42;820600
42;820713
42;820719
42;820720
42;820730
42;820740
42;820750
42;820760
42;820770
42;820780
42;820790
42;820810
42;820820
42;820830
42;820840
42;820890
42;820900
42;821000
42;821110
42;821191
42;821192
42;821193
42;821194
42;821195
42;821210
42;821220
42;821290
42;821300
42;821410
42;821420
42;821490
42;821510
42;821520
42;821591
42;821599
42;830110
42;830120
42;830130
42;830140
42;830150
42;830160
42;830170
42;830210
42;830220
42;830230
42;830241
42;830242
42;830249
42;830250
42;830260
42;830300
42;830400
42;830510
42;830520
42;830590
42;830610
42;830621
42;830629
42;830630
42;830710
42;830790
42;830810
42;830820
42;830890
42;830910
42;830990
42;831000
42;831110
42;831120
42;831130
42;831190
42;840110
44;840120
33;840130
42;840140
42;840211
42;840212
42;840219
42;840220
42;840290
44;840310
44;840390
42;840410
42;840420
42;840490
43;840510
43;840590
43;840610
43;840681
43;840682
43;840690
43;840710
43;840721
43;840729
43;840731
43;840732
43;840733
43;840734
43;840790
43;840810
43;840820
43;840890
43;840910
43;840991
43;840999
43;841011
43;841012
43;841013
43;841090
43;841111
43;841112
43;841121
43;841122
43;841181
43;841182
43;841191
43;841199
43;841210
43;841221
43;841229
43;841231
43;841239
43;841280
43;841290
43;841311
43;841319
43;841320
43;841330
43;841340
43;841350
43;841360
43;841370
43;841381
43;841382
43;841391
43;841392
43;841410
43;841420
43;841430
43;841440
44;841451
43;841459
44;841460
43;841480
43;841490
43;841510
43;841520
43;841581
43;841582
43;841583
43;841590
43;841610
43;841620
43;841630
43;841690
43;841710
44;841720
43;841780
43;841790
44;841810
44;841821
44;841829
44;841830
44;841840
43;841850
43;841861
43;841869
43;841891
43;841899
44;841911
44;841919
48;841920
44;841931
44;841932
44;841939
43;841940
43;841950
43;841960
44;841981
43;841989
43;841990
43;842010
43;842091
43;842099
44;842111
44;842112
43;842119
43;842121
43;842122
43;842123
43;842129
43;842131
43;842139
43;842191
43;842199
44;842211
43;842219
43;842220
43;842230
43;842240
43;842290
43;842310
43;842320
43;842330
43;842381
43;842382
43;842389
43;842390
43;842410
43;842420
43;842430
44;842481
43;842489
43;842490
43;842511
43;842519
43;842531
43;842539
43;842541
43;842542
43;842549
43;842611
43;842612
43;842619
43;842620
43;842630
43;842641
43;842649
43;842691
43;842699
43;842710
43;842720
43;842790
43;842810
43;842820
44;842831
43;842832
43;842833
43;842839
43;842840
43;842860
43;842890
44;842911
44;842919
44;842920
44;842930
44;842940
44;842951
44;842952
44;842959
44;843010
44;843020
44;843031
44;843039
44;843041
44;843049
44;843050
44;843061
44;843069
43;843110
43;843120
43;843131
43;843139
43;843141
44;843142
44;843143
44;843149
44;843210
44;843221
44;843229
44;843230
44;843240
44;843280
44;843290
44;843311
44;843319
44;843320
44;843330
44;843340
44;843351
44;843352
44;843353
44;843359
44;843360
44;843390
44;843410
44;843420
44;843490
44;843510
44;843590
44;843610
44;843621
44;843629
44;843680
44;843691
44;843699
44;843710
44;843780
44;843790
44;843810
44;843820
44;843830
44;843840
44;843850
44;843860
44;843880
44;843890
44;843910
44;843920
44;843930
44;843991
44;843999
44;844010
44;844090
44;844110
44;844120
44;844130
44;844140
44;844180
44;844190
44;844230
44;844240
32;844250
44;844311
45;844312
44;844313
44;844314
44;844315
44;844316
44;844317
44;844319
45;844331
44;844332
44;844339
44;844391
44;844399
44;844400
44;844511
44;844512
44;844513
44;844519
44;844520
44;844530
44;844540
44;844590
44;844610
44;844621
44;844629
44;844630
44;844711
44;844712
44;844720
44;844790
44;844811
44;844819
44;844820
44;844831
44;844832
44;844833
44;844839
44;844842
44;844849
44;844851
44;844859
44;844900
44;845011
44;845012
44;845019
44;845020
44;845090
44;845110
44;845121
44;845129
44;845130
44;845140
44;845150
44;845180
44;845190
44;845210
44;845221
44;845229
44;845230
44;845290
44;845310
44;845320
44;845380
44;845390
44;845410
44;845420
44;845430
44;845490
44;845510
44;845521
44;845522
44;845530
44;845590
44;845610
44;845620
44;845630
44;845690
44;845710
44;845720
44;845730
44;845811
44;845819
44;845891
44;845899
44;845910
44;845921
44;845929
44;845931
44;845939
44;845940
44;845951
44;845959
44;845961
44;845969
44;845970
44;846011
44;846019
44;846021
44;846029
44;846031
44;846039
44;846040
44;846090
44;846120
44;846130
44;846140
44;846150
44;846190
44;846210
44;846221
44;846229
44;846231
44;846239
44;846241
44;846249
44;846291
44;846299
44;846310
44;846320
44;846330
44;846390
44;846410
44;846420
44;846490
44;846510
44;846591
44;846592
44;846593
44;846594
44;846595
44;846596
44;846599
44;846610
44;846620
44;846630
44;846691
44;846692
44;846693
44;846694
44;846711
44;846719
44;846721
44;846722
44;846729
44;846781
44;846789
44;846791
44;846792
44;846799
44;846810
44;846820
44;846880
44;846890
45;846900
45;847010
45;847021
45;847029
45;847030
45;847050
45;847090
45;847130
45;847141
45;847149
45;847150
45;847160
45;847170
45;847180
45;847190
45;847210
45;847230
45;847290
45;847310
45;847321
45;847329
45;847330
45;847340
45;847350
44;847410
44;847420
44;847431
44;847432
44;847439
44;847480
44;847490
44;847510
44;847521
44;847529
44;847590
43;847621
43;847629
43;847681
43;847689
43;847690
44;847710
44;847720
44;847730
44;847740
44;847751
44;847759
44;847780
44;847790
44;847810
44;847890
44;847910
44;847920
44;847930
44;847940
44;847950
44;847960
44;847971
44;847979
44;847981
44;847982
44;847989
44;847990
44;848010
44;848020
44;848030
44;848041
44;848049
44;848050
44;848060
44;848071
44;848079
43;848110
43;848120
43;848130
43;848140
43;848180
43;848190
43;848210
43;848220
43;848230
43;848240
43;848250
43;848280
43;848291
43;848299
43;848310
43;848320
43;848330
43;848340
43;848350
43;848360
43;848390
43;848410
43;848420
43;848490
44;848610
44;848620
44;848630
44;848640
44;848690
42;848710
43;848790
46;850110
46;850120
46;850131
46;850132
46;850133
46;850134
46;850140
46;850151
46;850152
46;850153
46;850161
46;850162
46;850163
46;850164
46;850211
46;850212
46;850213
46;850220
46;850231
46;850239
46;850240
46;850300
46;850410
46;850421
46;850422
46;850423
46;850431
46;850432
46;850433
46;850434
46;850440
46;850450
46;850490
46;850511
46;850519
46;850520
46;850590
46;850610
46;850630
46;850640
46;850650
46;850660
46;850680
46;850690
46;850710
46;850720
46;850730
46;850740
46;850750
46;850760
46;850780
46;850790
44;850811
44;850819
44;850860
44;850870
44;850940
44;850980
44;850990
44;851010
44;851020
44;851030
44;851090
46;851110
46;851120
46;851130
46;851140
46;851150
46;851180
46;851190
46;851210
46;851220
46;851230
46;851240
46;851290
46;851310
46;851390
43;851410
43;851420
43;851430
43;851440
43;851490
44;851511
44;851519
44;851521
44;851529
44;851531
44;851539
44;851580
44;851590
44;851610
44;851621
44;851629
44;851631
44;851632
44;851633
44;851640
44;851650
44;851660
44;851671
44;851672
44;851679
44;851680
44;851690
47;851711
47;851712
47;851718
47;851761
47;851762
45;851769
47;851770
47;851810
47;851821
47;851822
47;851829
47;851830
47;851840
47;851850
47;851890
47;851920
47;851930
47;851950
47;851981
47;851989
47;852110
47;852190
47;852210
47;852290
47;852321
47;852329
47;852341
47;852349
47;852351
47;852352
47;852359
47;852380
47;852550
47;852560
47;852580
48;852610
48;852691
48;852692
47;852712
47;852713
47;852719
47;852721
47;852729
47;852791
47;852792
47;852799
47;852841
47;852849
47;852851
47;852859
47;852861
47;852869
47;852871
47;852872
47;852873
47;852910
47;852990
46;853010
46;853080
46;853090
46;853110
46;853120
46;853180
46;853190
47;853210
47;853221
47;853222
47;853223
47;853224
47;853225
47;853229
47;853230
47;853290
47;853310
47;853321
47;853329
47;853331
47;853339
47;853340
47;853390
47;853400
46;853510
46;853521
46;853529
46;853530
46;853540
46;853590
46;853610
46;853620
46;853630
46;853641
46;853649
46;853650
46;853661
46;853669
46;853670
46;853690
46;853710
46;853720
46;853810
46;853890
46;853910
46;853921
46;853922
46;853929
46;853931
46;853932
46;853939
46;853941
46;853949
46;853990
47;854011
47;854012
47;854020
47;854040
47;854060
47;854071
47;854079
47;854081
47;854089
47;854091
47;854099
47;854110
47;854121
47;854129
47;854130
47;854140
47;854150
47;854160
47;854190
47;854231
47;854232
47;854233
47;854239
47;854290
46;854310
46;854320
46;854330
46;854370
46;854390
46;854411
46;854419
46;854420
46;854430
46;854442
46;854449
46;854460
46;854470
46;854511
46;854519
46;854520
46;854590
37;854610
37;854620
46;854690
37;854710
36;854720
46;854790
39;854810
46;854890
49;860110
49;860120
49;860210
49;860290
49;860310
49;860390
49;860400
49;860500
49;860610
49;860630
49;860691
49;860692
49;860699
49;860711
49;860712
49;860719
49;860721
49;860729
49;860730
49;860791
49;860799
49;860800
49;860900
44;870110
49;870120
44;870130
44;870190
49;870210
49;870290
49;870310
49;870321
49;870322
49;870323
49;870324
49;870331
49;870332
49;870333
49;870390
44;870410
49;870421
49;870422
49;870423
49;870431
49;870432
49;870490
49;870510
49;870520
49;870530
49;870540
49;870590
49;870600
49;870710
49;870790
49;870810
49;870821
49;870829
49;870830
49;870840
49;870850
49;870870
49;870880
49;870891
49;870892
49;870893
49;870894
49;870895
49;870899
43;870911
43;870919
43;870990
44;871000
49;871110
49;871120
49;871130
49;871140
49;871150
49;871190
49;871200
49;871310
49;871390
49;871410
49;871420
49;871491
49;871492
49;871493
49;871494
49;871495
49;871496
49;871499
38;871500
49;871610
44;871620
49;871631
49;871639
49;871640
49;871680
49;871690
49;880100
49;880211
49;880212
49;880220
49;880230
49;880240
49;880260
49;880310
49;880320
49;880330
49;880390
27;880400
43;880510
43;880521
43;880529
49;890110
49;890120
49;890130
49;890190
49;890200
49;890310
49;890391
49;890392
49;890399
49;890400
49;890510
49;890520
49;890590
49;890610
49;890690
49;890710
49;890790
39;890800
48;900110
48;900120
48;900130
48;900140
48;900150
48;900190
48;900211
48;900219
48;900220
48;900290
48;900311
48;900319
48;900390
48;900410
48;900490
48;900510
48;900580
48;900590
48;900610
48;900630
48;900640
48;900651
48;900652
48;900653
48;900659
48;900661
48;900669
48;900691
48;900699
48;900710
48;900720
48;900791
48;900792
48;900850
48;900890
48;901010
48;901050
48;901060
48;901090
48;901110
48;901120
48;901180
48;901190
48;901210
48;901290
48;901310
48;901320
48;901380
48;901390
48;901410
48;901420
48;901480
48;901490
48;901510
48;901520
48;901530
48;901540
48;901580
48;901590
48;901600
48;901710
48;901720
48;901730
48;901780
48;901790
48;901811
48;901812
48;901813
48;901814
48;901819
48;901820
48;901831
48;901832
48;901839
48;901841
48;901849
48;901850
48;901890
48;901910
48;901920
48;902000
48;902110
48;902121
48;902129
48;902131
48;902139
48;902140
48;902150
48;902190
48;902212
48;902213
48;902214
48;902219
48;902221
48;902229
48;902230
48;902290
38;902300
48;902410
48;902480
48;902490
48;902511
48;902519
48;902580
48;902590
48;902610
48;902620
48;902680
48;902690
48;902710
48;902720
48;902730
48;902750
48;902780
48;902790
48;902810
48;902820
48;902830
48;902890
48;902910
48;902920
48;902990
48;903010
48;903020
48;903031
48;903032
48;903033
48;903039
48;903040
48;903082
48;903084
48;903089
48;903090
48;903110
48;903120
48;903141
48;903149
48;903180
48;903190
48;903210
48;903220
48;903281
48;903289
48;903290
48;903300
48;910111
48;910119
48;910121
48;910129
48;910191
48;910199
48;910211
48;910212
48;910219
48;910221
48;910229
48;910291
48;910299
48;910310
48;910390
48;910400
48;910511
48;910519
48;910521
48;910529
48;910591
48;910599
48;910610
48;910690
48;910700
48;910811
48;910812
48;910819
48;910820
48;910890
48;910910
48;910990
48;911011
48;911012
48;911019
48;911090
48;911110
48;911120
48;911180
48;911190
48;911220
48;911290
48;911310
48;911320
29;911390
48;911410
48;911430
48;911440
48;911490
38;920110
38;920120
38;920190
38;920210
38;920290
38;920510
38;920590
38;920600
38;920710
38;920790
38;920810
38;920890
38;920930
38;920991
38;920992
38;920994
38;920999
44;930110
44;930120
44;930190
44;930200
44;930310
44;930320
44;930330
44;930390
44;930400
44;930510
44;930520
44;930591
44;930599
44;930621
44;930629
44;930630
44;930690
44;930700
38;940110
38;940120
38;940130
38;940140
38;940151
38;940159
38;940161
38;940169
38;940171
38;940179
38;940180
38;940190
48;940210
48;940290
38;940310
38;940320
38;940330
38;940340
38;940350
38;940360
38;940370
38;940381
38;940389
38;940390
38;940410
38;940421
38;940429
27;940430
27;940490
46;940510
46;940520
46;940530
46;940540
46;940550
46;940560
37;940591
36;940592
46;940599
38;940600
38;950300
38;950420
38;950430
38;950440
38;950450
38;950490
38;950510
38;950590
38;950611
38;950612
38;950619
38;950621
38;950629
38;950631
38;950632
38;950639
38;950640
38;950651
38;950659
38;950661
38;950662
38;950669
38;950670
38;950691
38;950699
38;950710
38;950720
38;950730
38;950790
38;950810
38;950890
38;960110
38;960190
38;960200
38;960310
38;960321
38;960329
38;960330
38;960340
38;960350
38;960390
38;960400
29;960500
38;960610
38;960621
38;960622
38;960629
38;960630
38;960711
38;960719
38;960720
38;960810
38;960820
38;960830
38;960840
38;960850
38;960860
38;960891
38;960899
38;960910
38;960920
38;960990
38;961000
38;961100
38;961210
38;961220
38;961310
38;961320
38;961380
38;961390
38;961400
38;961511
38;961519
38;961590
38;961610
38;961620
38;961700
38;961800
32;961900
38;970110
38;970190
38;970200
38;970300
38;970400
38;970500
38;970600
